{"cameraMode":{"drawMode":0,"name":"Shaded","section":"Shading Mode"},"sceneLighting":true,"audioPlay":false,"sceneViewState":{"showFog":true,"showMaterialUpdate":true,"showSkybox":true,"showFlares":true,"showImageEffects":true,"showParticleSystems":true},"in2DMode":false,"pivot":{"x":-13.747699737548829,"y":-10.378738403320313,"z":131.34970092773438},"rotation":{"x":-0.04673850163817406,"y":0.04821118339896202,"z":-0.002257600659504533,"w":-0.9977449178695679},"size":164.185791015625,"orthographic":false}