{"cameraMode":{"drawMode":0,"name":"Shaded","section":"Shading Mode"},"sceneLighting":true,"audioPlay":false,"sceneViewState":{"showFog":true,"showMaterialUpdate":true,"showSkybox":true,"showFlares":true,"showImageEffects":true,"showParticleSystems":true},"in2DMode":false,"pivot":{"x":-3.1625282764434816,"y":0.6825690269470215,"z":172.31553649902345},"rotation":{"x":0.018307683989405633,"y":-0.013185204938054085,"z":0.0002410843881079927,"w":0.9997607469558716},"size":177.61663818359376,"orthographic":false}